{"cameraMode":{"drawMode":0,"name":"Shaded","section":"Shading Mode"},"sceneLighting":true,"audioPlay":false,"sceneViewState":{"showFog":true,"showMaterialUpdate":false,"showSkybox":true,"showFlares":true,"showImageEffects":true,"showParticleSystems":true},"in2DMode":false,"pivot":{"x":0.6380510330200195,"y":0.8702831268310547,"z":-1.1490716934204102},"rotation":{"x":-0.0716462954878807,"y":0.9167637228965759,"z":-0.19138868153095246,"w":-0.34318897128105166},"size":10.0,"orthographic":false}